normalized_road,standard_road
"100TH AV","TENTH ST"
10TH,"TENTH ST"
"10TH AV","TENTH ST"
"10TH ST","TENTH ST"
"13 N","ASHBY AVE"
"13TH AVE","ASHBY AVE"
"1451VIRGINIA ST","VIRGINIA ST"
"24 E","RT 24"
"24 W","RT 24"
2ND,"SECOND ST"
"2ND AV","SECOND ST"
"2ND ST","SECOND ST"
3RD,"THIRD ST"
4TH,"FOURTH ST"
"4TH AV","FOURTH ST"
"4TH ST","FOURTH ST"
"53RD ST","53RD ST"
"55TH ST","55TH ST"
5TH,"FIFTH ST"
"5TH AV","FIFTH ST"
"5TH SQ","FIFTH ST"
"5TH ST","FIFTH ST"
"60TH ST","60TH ST"
61ST,"61ST ST" 
"61ST ST","61ST ST"
62ND,"62ND ST"
"62ND AV","62ND ST"
"62ND ST","62ND ST"
63RD,"63RD ST"
"63RD AV","63RD ST"
"63RD ST","63RD ST"
"65TH ST","65TH ST"
66TH,"66TH ST"
"66TH ST","66TH ST"
67TH,"67TH ST"
"67TH ST","67TH ST"
6TH,"SIXTH ST"
"6TH AV","SIXTH ST"
"6TH ST","SIXTH ST"
7TH,"SEVENTH ST"
"7TH AV","SEVENTH ST"
"7TH SQU","SEVENTH ST"
"7TH ST","SEVENTH ST"
"7TH ST EXT","SEVENTH ST"
"7TH ST N","SEVENTH ST"
"7TH ST W","SEVENTH ST"
"7TH STREET","SEVENTH ST"
"80 E",I-80
"80 W",I-80
8TH,"EIGHTH ST"
"8TH AV","EIGHTH ST"
"8TH ST","EIGHTH ST"
"8TH STREET","EIGHTH ST"
9TH,"NINTH ST"
"9TH AV","NINTH ST"
"9TH ST","NINTH ST"
"ACACIA AV","ACACIA AVE"
"ACACIA AVE","ACACIA AVE"
"ACACIA ST","ACACIA AVE"
ACTION,"ACTON ST"
"ACTION CT","ACTON ST"
"ACTION ST","ACTON ST"
ACTON,"ACTON ST"
"ACTON CI","ACTON CIR"
"ACTON CIR","ACTON CIR"
"ACTON CRESCENT","ACTON CRESCENT"
"ACTON CT","ACTON CRESCENT"
"ACTON ST","ACTON ST"
ADA,"ADA ST"
"ADA ST","ADA ST"
ADALINE,"ADELINE ST"
ADDISON,"ADDISON ST"
"ADDISON AV","ADDISON ST"
"ADDISON ST","ADDISON ST"
"ADDISON ST N","ADDISON ST"
"ADDISON STREET","ADDISON ST"
"ADDISON WY","ADDISON ST"
"ADELAIDE ST","ADELINE ST"
ADELINE,"ADELINE ST"
"ADELINE AV","ADELINE ST"
"ADELINE ST","ADELINE ST"
ADELLE,"ADELINE ST"
"ADELLE ST","ADELINE ST"
"AEGEAN PL","AEGEAN PL"
"AHSBY AVE","ASHBY AVE"
"AHSBY AVENUE","ASHBY AVE"
"ALAMEDA AV","THE ALAMEDA"
"ALAMEDA ST","THE ALAMEDA"
"ALAMO AV","ALAMO AVE"
ALBIN,"ALBINA AVE"
ALBINA,"ALBINA AVE"
ALCATRAZ,"ALCATRAZ AVE"
"ALCATRAZ AV","ALCATRAZ AVE"
"ALCATRAZ ST","ALCATRAZ AVE"
"ALISTON WY","ALLSTON WAY"
ALLISON,"ALLSTON WAY"
"ALLISON ST","ALLSTON WAY"
"ALLISON WAY","ALLSTON WAY"
ALLSOTON,"ALLSTON WAY"
ALLSTON,"ALLSTON WAY"
"ALLSTON ST","ALLSTON WAY"
"ALLSTON WY","ALLSTON WAY"
"ALLSTON WY W","ALLSTON WAY"
"ALTA RD","ALTA RD"
"ALTA ST","ALTA RD"
ALVARADO,"ALVARADO RD"
"ALVARADO AV","ALVARADO RD"
"ALVARADO RD","ALVARADO RD"
AMADOR,"AMADOR AVE"
"AMADOR AV","AMADOR AVE"
"AMADOR RD","AMADOR AVE"
"AMADOR ST","AMADOR AVE"
ANTHONY,"ANTHONY ST"
"ANTHONY ST","ANTHONY ST"
"APGAR ST","APGAR ST"
"ARCADE AV","ARCADE AVE"
"ARCADE ST","ARCADE AVE"
ARCH,"ARCH ST"
"ARCH ST","ARCH ST"
ARLINGTON,"ARLINGTON AVE"
"ARLINGTON AV","ARLINGTON AVE"
"ARLINGTON ST","ARLINGTON AVE"
"ASBHY AVE","ASHBY AVE"
"ASH AV","ASHBY AVE"
"ASH CT","ASHBY AVE"
ASHBY,"ASHBY AVE"
"ASHBY AEVNUE","ASHBY AVE"
"ASHBY AV","ASHBY AVE"
"ASHBY AV 1200 BLK","ASHBY AVE"
"ASHBY AV E","ASHBY AVE"
"ASHBY AVA","ASHBY AVE"
"ASHBY AVE","ASHBY AVE"
"ASHBY AVE EAST","ASHBY AVE"
"ASHBY AVE O","ASHBY AVE"
"ASHBY AVE OC","ASHBY AVE"
"ASHBY AVE OVER","ASHBY AVE"
"ASHBY AVE OVERCROSS","ASHBY AVE"
"ASHBY AVE OVERCROSSING","ASHBY AVE"
"ASHBY AVE OVERCROSSSING","ASHBY AVE"
"ASHBY AVE TO I","ASHBY AVE"
"ASHBY AVE UNDER","ASHBY AVE"
"ASHBY AVE W","ASHBY AVE"
"ASHBY AVE WEST O","ASHBY AVE"
"ASHBY AVENUE","ASHBY AVE"
"ASHBY AVENUE EAST","ASHBY AVE"
"ASHBY AVENUE NORTHBOUND","ASHBY AVE"
"ASHBY AVENUE O","ASHBY AVE"
"ASHBY AVENUE OFF RAMP OVERCROSSING","ASHBY AVE"
"ASHBY AVENUE OVER","ASHBY AVE"
"ASHBY AVENUE OVER CROSSING","ASHBY AVE"
"ASHBY AVENUE OVERCROSSING","ASHBY AVE"
"ASHBY AVENUE W","ASHBY AVE"
"ASHBY AVENUE WEST OVERCROSSING","ASHBY AVE"
"ASHBY BART STATION","ASHBY AVE"
"ASHBY CRES E","ASHBY AVE"
"ASHBY O","ASHBY AVE"
"ASHBY OC","ASHBY AVE"
"ASHBY OVERCROSSING","ASHBY AVE"
"ASHBY PL","ASHBY PL"
"ASHEY AV","ASHBY AVE"
ATHERTON,"ATHERTON ST"
"ATHERTON PL","ATHERTON ST"
"ATHERTON ST","ATHERTON ST"
AVALON,"AVALON AVE"
"AVALON AV","AVALON AVE"
AVE,AVE
"AVENIDA DR","AVENIDA DR"
"AVENIDA RD","AVENIDA DR"
"AVENIDA ST","AVENIDA DR"
AVIS,"AVIS RD"
"AVIS RD","AVIS RD"
BAKER,"BAKER ST"
"BAKER ST","BAKER ST"
BANCROFT,"BANCROFT WAY"
"BANCROFT AV","BANCROFT WAY"
"BANCROFT ST","BANCROFT WAY"
"BANCROFT STEPS WY","BANCROFT STEPS"
"BANCROFT WAY","BANCROFT WAY"
"BANCROFT WY","BANCROFT WAY"
"BANDROFT WY","BANCROFT WAY"
"BARROW LN","BARROW LN"
"BARROWS LN","BARROW LN"
"BARROWS ST","BARROW LN"
"BATAAN AV","BATAAN AVE"
"BATAAN ST","BATAAN AVE"
"BATEMAN ST","BATEMAN ST"
BAY,"BAY ST"
"BAY ST","BAY ST"
"BAY STREET","BAY ST"
"BAY TREE LN","BAY TREE LN"
"BAY VIEW","BAY VIEW PL"
"BAY VIEW PL","BAY VIEW PL"
"BAYVIEW PL","BAY VIEW PL"
BELROSE,"BELROSE AVE"
"BELROSE AV","BELROSE AVE"
"BELROSE AVE","BELROSE AVE"
BELVEDERE,"BELVEDERE AVE"
"BELVEDERE ST","BELVEDERE AVE"
BENVENUE,"BENVENUE AVE"
"BENVENUE AV","BENVENUE AVE"
"BENVENUE ST","BENVENUE AVE"
BERKELEY,"BERKELEY SQ"
"BERKELEY SQ","BERKELEY SQ"
"BERKELEY WY","BERKELEY WAY"
BERRYMAN,"BERRYMAN ST"
"BERRYMAN PATH","BERRYMAN PATH"
"BERRYMAN ST","BERRYMAN ST"
"BERYMAN ST","BERRYMAN ST"
BEVERLY,"BEVERLY PL"
"BEVERLY PL","BEVERLY PL"
BLAKE,"BLAKE ST"
"BLAKE ST","BLAKE ST"
"BOISE ST","BOISE ST"
BOLIVAR,"BOLIVAR DR"
"BOLIVAR DR","BOLIVAR DR"
"BOLIVAR ST","BOLIVAR DR"
BONAR,"BONAR ST"
"BONAR ST","BONAR ST"
BONITA,"BONITA AVE"
"BONITA AV","BONITA AVE"
"BONITA ST","BONITA ST"
"BONITA WY","BONITA AVE"
"BONNIE LN","BONNIE LN"
BORE,BORE
BOWDICH,"BOWDITCH ST"
BOWDITCH,"BOWDITCH ST"
"BOWDITCH AV","BOWDITCH ST"
"BOWDITCH ST","BOWDITCH ST"
"BOWDITCH WY","BOWDITCH ST"
BOYNTON,"BOYNTON AVE"
"BOYNTON AV","BOYNTON AVE"
"BOYNTON WALK","BOYNTON WALK"
BREAKWATER,"BREAKWATER DR"
"BREAKWATER DR","BREAKWATER DR"
"BRET HARTE","BRET HARTE RD"
"BRET HARTE RD","BRET HARTE RD"
BRIDGE,"BRIDGE RD"
"BRIDGE RD","BRIDGE RD"
"BRIGHTON AV","BRIGHTON AVE"
"BROADWAY TER","BROADWAY TER"
"BROOKSIDE AV","BROOKSIDE AVE"
BROWNING,"BROWNING ST"
"BROWNING CT","BROWNING ST"
"BROWNING ST","BROWNING ST"
BUCHANAN,"BUCHANAN ST"
"BUCHANAN ST","BUCHANAN ST"
"BUCHANAN ST U","BUCHANAN ST"
"BUCHANAN STREET","BUCHANAN ST"
"BUCHANNAN RD","BUCHANAN ST"
"BUCHANNAN STREET","BUCHANAN ST"
"BUENA AV","BUENA AVE"
"BUENA VISTA","BUENA VISTA WAY"
"BUENA VISTA AV","BUENA VISTA WAY"
"BUENA VISTA ST","BUENA VISTA WAY"
"BUENA VISTA WY","BUENA VISTA WAY"
BURNETT,"BURNETT ST"
"BURNETT AV","BURNETT ST"
"BURNETT ST","BURNETT ST"
BURNETTE,"BURNETT ST"
"BURTON ST","BURTON DR"
BYRON,"BYRON ST"
"BYRON AV","BYRON ST"
"BYRON ST","BYRON ST"
"BYRON WY","BYRON ST"
"CADAR ROSE PK","CADAR ROSE PK"
"CALDECOTT TNL","CALDECOTT TNL"
CALIFORNIA,"CALIFORNIA ST"
"CALIFORNIA AV","CALIFORNIA ST"
"CALIFORNIA CT","CALIFORNIA ST"
"CALIFORNIA ST","CALIFORNIA ST"
CALIFRONIA,"CALIFORNIA ST"
CALREMONT,"CLAREMONT AVE"
CALUSA,"COLUSA AVE"
CAMELIA,"CAMELIA ST"
"CAMELIA DR","CAMELIA ST"
"CAMELIA ST","CAMELIA ST"
"CAMILLA ST","CAMILLA ST"
CAMPUS,"CAMPUS DR"
"CAMPUS DR","CAMPUS DR"
"CANTER ST","CANTER ST"
CANYON,"CANYON RD"
"CANYON RD","CANYON RD"
CAPISTRANO,"CAPISTRANO AVE"
"CAPISTRANO AV","CAPISTRANO AVE"
"CAPISTRANO WY","CAPISTRANO AVE"
CARELTON,"CARLETON ST"
"CARELTON ST","CARLETON ST"
CARLETON,"CARLETON ST"
"CARLETON ST","CARLETON ST"
CARLOTTA,"CARLOTTA AVE"
"CARLOTTA AV","CARLOTTA AVE"
"CARLSON BL","CARLSON BLVD"
"CARLTON ST","CARLETON ST"
CARRISON,"CARRISON ST"
"CARRISON ST","CARRISON ST"
CATALINA,"CATALINA AVE"
"CATALINA AV","CATALINA AVE"
"CATALINA ST","CATALINA AVE"
"CATHERINE DR","CATHERINE DR"
CEDAR,"CEDAR ST"
"CEDAR AV","CEDAR ST"
"CEDAR CT","CEDAR ST"
"CEDAR ST","CEDAR ST"
"CEDAR ST E","CEDAR ST"
"CEDAR STREET","CEDAR ST"
"CEDARWOOD LN","CEDARWOOD LN"
"CENTENIAL RD","CENTENNIAL DR"
CENTENNIAL,"CENTENNIAL DR"
"CENTENNIAL AVENUE","CENTENNIAL DR"
"CENTENNIAL DR","CENTENNIAL DR"
CENTER,"CENTER ST"
"CENTER AV","CENTER ST"
"CENTER ST","CENTER ST"
"CENTRAL AV","CENTRAL AVE"
"CENTRAL AVE","CENTRAL AVE"
"CENTRAL AVENUE","CENTRAL AVE"
"CENTRAL PKWY","CENTRAL AVE"
"CHANNIN ST","CHANNING WAY"
CHANNING,"CHANNING WAY"
"CHANNING AV","CHANNING WAY"
"CHANNING ST","CHANNING WAY"
"CHANNING WAY","CHANNING WAY"
"CHANNING WAY E","CHANNING WAY"
"CHANNING WY","CHANNING WAY"
CHAUCER,"CHAUCER ST"
"CHAUCER ST","CHAUCER ST"
"CHERRY ST","CHERRY ST"
CHESTNUT,"CHESTNUT ST"
"CHESTNUT ST","CHESTNUT ST"
CHILTON,"CHILTON WAY"
"CHILTON ALY","CHILTON WAY"
"CHILTON WY","CHILTON WAY"
"CHRISTIE AV","CHRISTIE AVE"
CLAREMONT,"CLAREMONT AVE"
"CLAREMONT AV","CLAREMONT AVE"
"CLAREMONT BL","CLAREMONT BLVD"
"CLAREMONT CRES","CLAREMONT CRESCENT"
"CLAREMONT PARK CT","CLAREMONT PARK CT"
"CLAREMONT PATH","CLAREMONT PATH"
"CLEVELAND AV","CLEVELAND AVE"
"CLEVELAND AVE","CLEVELAND AVE"
"CLEVELAND AVENUE","CLEVELAND AVE"
COLBY,"COLBY ST"
"COLBY CT","COLBY ST"
"COLBY ST","COLBY ST"
COLLEEN,"COLLEGE AVE"
COLLEGE,"COLLEGE AVE"
"COLLEGE AV","COLLEGE AVE"
"COLLEGE ST","COLLEGE AVE"
COLORADO,"COLORADO AVE"
"COLORADO AV","COLORADO AVE"
COLUMBIA,"COLUMBIA CIR"
"COLUMBIA CIR","COLUMBIA CIR"
COLUSA,"COLUSA AVE"
"COLUSA AV","COLUSA AVE"
"COLUSA ST","COLUSA AVE"
"CONTRA COSTA AV","CONTRA COSTA AVE"
"COOLBIRTH PATH","INA COOLBIRTH PATH"
CORNELL,"CORNELL AVE"
"CORNELL AV","CORNELL AVE"
"CORNELL ST","CORNELL AVE"
COWPER,"COWPER ST"
"COWPER ST","COWPER ST"
CRAGMONT,"CRAGMONT AVE"
"CRAGMONT AV","CRAGMONT AVE"
"CRAGMONT ST","CRAGMONT AVE"
CRAGMOUNT,"CRAGMONT AVE"
CRESTON,"CRESTON RD"
"CRESTON RD","CRESTON RD"
CROSSWAYS,"THE CROSSWAYS"
CRYSTAL,"CRYSTAL WAY"
"CRYSTAL WY","CRYSTAL WAY"
CURTIS,"CURTIS ST"
"CURTIS AV","CURTIS ST"
"CURTIS ST","CURTIS ST"
"CUTTING BL","CUTTING BLVD"
"CYPRESS ST","CYPRESS ST"
"D AND E DOCK RD","D AND E DOCK RD"
DANA,DANA
"DANA ST","DANA ST"
"DARTMOUTH ST","DARTMOUTH ST"
"DAVIS STREET","DAVIS STREET"
DEAKIN,DEAKIN
"DEAKIN ST","DEAKIN ST"
"DEL MAR AV","DEL MAR AV"
"DEL MAR AVE","DEL MAR AVE"
"DEL NORTE","DEL NORTE"
"DEL NORTE AV","DEL NORTE AV"
"DEL NORTE CT","DEL NORTE CT"
"DEL NORTE ST","DEL NORTE ST"
DELAWARE,DELAWARE
"DELAWARE AV","DELAWARE AV"
"DELAWARE AV E","DELAWARE AV E"
"DELAWARE ST","DELAWARE ST"
"DELAWARE STREET","DELAWARE STREET"
"DELEWARE ST","DELEWARE ST"
"DELWARE ST","DELWARE ST"
DERBY,DERBY
"DERBY SQ","DERBY SQ"
"DERBY ST","DERBY ST"
"DERBY TER","DERBY TER"
DOHR,DOHR
"DOHR ST","DOHR ST"
DOMINGO,DOMINGO
"DOMINGO AV","DOMINGO AV"
"DOMINGO ST","DOMINGO ST"
"DOUBLE TREE ENT","DOUBLE TREE ENT"
DOVER,DOVER
"DOVER ST","DOVER ST"
DOWLING,DOWLING
"DOWLING AV","DOWLING AV"
"DOWLING PL","DOWLING PL"
"DOWLING ST","DOWLING ST"
"DUARTE AV","DUARTE AV"
"DURAN AVE","DURAN AVE"
"DURAN WY","DURAN WY"
DURANT,DURANT
"DURANT AV","DURANT AV"
"DURANT ST","DURANT ST"
"DURRANT AV","DURRANT AV"
DWIGHT,DWIGHT
"DWIGHT CRECENT","DWIGHT CRECENT"
"DWIGHT CRES","DWIGHT CRES"
"DWIGHT CRESCENT","DWIGHT CRESCENT"
"DWIGHT PL","DWIGHT PL"
"DWIGHT ST","DWIGHT ST"
"DWIGHT WAY","DWIGHT WAY"
"DWIGHT WY","DWIGHT WY"
"DWIGHT WY E","DWIGHT WY E"
"EASTER WY","EASTER WY"
"EASTERN ASHBY AVE O","EASTERN ASHBY AVE O"
EASTSHORE,EASTSHORE
"EASTSHORE AV","EASTSHORE AV"
"EASTSHORE BL","EASTSHORE BL"
"EASTSHORE DR","EASTSHORE DR"
"EASTSHORE HWY","EASTSHORE HWY"
"EASTSHORE RD","EASTSHORE RD"
"EASTSHORE ST","EASTSHORE ST"
"EASTSHORE WY","EASTSHORE WY"
"EASTSHOREN HWY","EASTSHOREN HWY"
"EATON AV","EATON AV"
"EDCLID AV","EDCLID AV"
EDITH,EDITH
"EDITH ST","EDITH ST"
"EDITH ST S","EDITH ST S"
EDWARDS,EDWARDS
"EDWARDS AV","EDWARDS AV"
"EDWARDS ST","EDWARDS ST"
EIGHTH,EIGHTH
"EL CAMINO","EL CAMINO"
"EL CAMINO AV","EL CAMINO AV"
"EL CAMINO REAL","EL CAMINO REAL"
"EL CAMINO REAL RD","EL CAMINO REAL RD"
"EL DORADO AV","EL DORADO AV"
"EL MIRADOR PATH","EL MIRADOR PATH"
"EL PASEO PATH","EL PASEO PATH"
"EL PORTAL CT","EL PORTAL CT"
ELLIS,ELLIS
"ELLIS ST","ELLIS ST"
ELLSWORTH,ELLSWORTH
"ELLSWORTH AV","ELLSWORTH AV"
"ELLSWORTH ST","ELLSWORTH ST"
ELMWOOD,ELMWOOD
"ELMWOOD AV","ELMWOOD AV"
"ELMWOOD CIR","ELMWOOD CIR"
"ELMWOOD CT","ELMWOOD CT"
"ELMWOOD ST","ELMWOOD ST"
EMERSON,EMERSON
"EMERSON ST","EMERSON ST"
"EMERYVILLE CITY LIMIT","EMERYVILLE CITY LIMIT"
"EMERYVILLE GREENWAY","EMERYVILLE GREENWAY"
ENCINA,ENCINA
"ENCINA DR","ENCINA DR"
ENSENADA,ENSENADA
"ENSENADA AV","ENSENADA AV"
"ENSENADA ST","ENSENADA ST"
ESSEX,ESSEX
"ESSEX CT","ESSEX CT"
"ESSEX ST","ESSEX ST"
ETNA,ETNA
"ETNA ST","ETNA ST"
"ETON AV","ETON AV"
"EUCALYPTUS RD","EUCALYPTUS RD"
EUCLID,EUCLID
"EUCLID AV","EUCLID AV"
"EUCLID AVE","EUCLID AVE"
"EUCLID DR","EUCLID DR"
EUNICE,EUNICE
"EUNICE ST","EUNICE ST"
EVELYN,EVELYN
"EVELYN AV","EVELYN AV"
"EVELYN ST","EVELYN ST"
FAIRLAWN,FAIRLAWN
"FAIRLAWN DR","FAIRLAWN DR"
FAIRVIEW,FAIRVIEW
"FAIRVIEW AV","FAIRVIEW AV"
"FAIRVIEW ST","FAIRVIEW ST"
"FAIRWAY AV","FAIRWAY AV"
"FISH RANCH RD","FISH RANCH RD"
"FLORENCE ST","FLORENCE ST"
FLORIDA,FLORIDA
"FLORIDA AV","FLORIDA AV"
FOLGER,FOLGER
"FOLGER AV","FOLGER AV"
"FOLGER ST","FOLGER ST"
FOREST,FOREST
"FOREST AV","FOREST AV"
"FOREST LN","FOREST LN"
"FOREST ST","FOREST ST"
"FORREST LN","FORREST LN"
FOURTH,FOURTH
"FOURTH ST","FOURTH ST"
"FR RD","FR RD"
FRANCISCO,FRANCISCO
"FRANCISCO LN","FRANCISCO LN"
"FRANCISCO ST","FRANCISCO ST"
"FRANK SCHIESSINGER WAY","FRANK SCHIESSINGER WAY"
FRANKLIN,FRANKLIN
"FRANKLIN ST","FRANKLIN ST"
"FRANTAGE RD","FRANTAGE RD"
FRESNO,FRESNO
"FRESNO AV","FRESNO AV"
"FRESNO ST","FRESNO ST"
"FRESON AV","FRESON AV"
"FROM GILMAN STREET","FROM GILMAN STREET"
FRONTAGE,FRONTAGE
"FRONTAGE AV","FRONTAGE AV"
"FRONTAGE BL","FRONTAGE BL"
"FRONTAGE RD","FRONTAGE RD"
"FRONTAGE ROAD","FRONTAGE ROAD"
"FRONTAGE ST","FRONTAGE ST"
"FT WEST OF BONITA AVE","FT WEST OF BONITA AVE"
FULTON,FULTON
"FULTON AV","FULTON AV"
"FULTON ST","FULTON ST"
GAILEY,GAILEY
GARBER,GARBER
"GARBER ST","GARBER ST"
"GAUSS WAY","GAUSS WAY"
GAYLEY,GAYLEY
"GAYLEY RD","GAYLEY RD"
GILLMAN,GILLMAN
"GILLMAN ST","GILLMAN ST"
"GILLMAN STREET U","GILLMAN STREET U"
GILMAN,GILMAN
"GILMAN AV","GILMAN AV"
"GILMAN OFF","GILMAN OFF"
"GILMAN ST","GILMAN ST"
"GILMAN ST U","GILMAN ST U"
"GILMAN ST UNDERCROSSING","GILMAN ST UNDERCROSSING"
"GILMAN STREET","GILMAN STREET"
"GILMAN STREET U","GILMAN STREET U"
"GILMANS ST","GILMANS ST"
GLEN,GLEN
"GLEN AV","GLEN AV"
"GLEN ROSE LN","GLEN ROSE LN"
GLENDALE,GLENDALE
"GLENDALE AV","GLENDALE AV"
"GLENDALE PATH","GLENDALE PATH"
"GOLDEN GATE AVE","GOLDEN GATE AVE"
"GOLF COURSE DR","GOLF COURSE DR"
"GOLF COURSE RD","GOLF COURSE RD"
"GRAHAM ST","GRAHAM ST"
"GRAND ST","GRAND ST"
GRANT,GRANT
"GRANT AV","GRANT AV"
"GRANT ST","GRANT ST"
"GRANT STREET","GRANT STREET"
GRAYSON,GRAYSON
"GRAYSON ST","GRAYSON ST"
GREENWOOD,GREENWOOD
GRIZZLY,GRIZZLY
"GRIZZLY PEAK","GRIZZLY PEAK"
"GRIZZLY PEAK BL","GRIZZLY PEAK BL"
"GRIZZLY PEAK BLVD","GRIZZLY PEAK BLVD"
"GRIZZLY PEAK RD","GRIZZLY PEAK RD"
"GRIZZY PEAK BL","GRIZZY PEAK BL"
"HALCYON CT","HALCYON CT"
"HALKIN LN","HALKIN LN"
HAMPTON,HAMPTON
HARMON,HARMON
"HARMON AV","HARMON AV"
"HARMON ST","HARMON ST"
HAROLD,HAROLD
"HAROLD ST","HAROLD ST"
"HAROLD WAY","HAROLD WAY"
"HAROLD WY","HAROLD WY"
HARPER,HARPER
"HARPER CT","HARPER CT"
"HARPER ST","HARPER ST"
"HARPER STREET","HARPER STREET"
HARRISON,HARRISON
"HARRISON ST","HARRISON ST"
"HARRISON STREET","HARRISON STREET"
HASKELL,HASKELL
"HASKELL ST","HASKELL ST"
HASTE,HASTE
"HASTE AV","HASTE AV"
"HASTE ST","HASTE ST"
HAWTHORNE,HAWTHORNE
"HAWTHORNE AV","HAWTHORNE AV"
"HAWTHORNE TER","HAWTHORNE TER"
HAZEL,HAZEL
"HAZEL RD","HAZEL RD"
"HAZEL ST","HAZEL ST"
HEARST,HEARST
"HEARST AV","HEARST AV"
"HEARST AV W","HEARST AV W"
"HEARST AVE","HEARST AVE"
"HEARST DR","HEARST DR"
"HEARST ST","HEARST ST"
HEINZ,HEINZ
"HEINZ AV","HEINZ AV"
"HEINZ ST","HEINZ ST"
HENRY,HENRY
"HENRY CT","HENRY CT"
"HENRY ST","HENRY ST"
HIGHLAND,HIGHLAND
"HIGHLAND PL","HIGHLAND PL"
HILGARD,HILGARD
"HILGARD AV","HILGARD AV"
"HILL CREST","HILL CREST"
"HILL RD","HILL RD"
HILLCREST,HILLCREST
"HILLCREST CT","HILLCREST CT"
"HILLCREST RD","HILLCREST RD"
"HILLCREST ST","HILLCREST ST"
HILLDALE,HILLDALE
"HILLDALE AV","HILLDALE AV"
HILLEGASS,HILLEGASS
"HILLEGASS AV","HILLEGASS AV"
"HILLEGASS CT","HILLEGASS CT"
"HILLEGASS ST","HILLEGASS ST"
HILLEGRASS,HILLEGRASS
HILLGASS,HILLGASS
"HILLIGESS ST","HILLIGESS ST"
HILLSIDE,HILLSIDE
"HILLSIDE AV","HILLSIDE AV"
"HILLSIDE DR","HILLSIDE DR"
"HILLSIDE ST","HILLSIDE ST"
"HILLVIEW RD","HILLVIEW RD"
"HOFFMAN ST","HOFFMAN ST"
HOLLIS,HOLLIS
"HOLLIS ST","HOLLIS ST"
HOLLY,HOLLY
"HOLLY ST","HOLLY ST"
HOPKINS,HOPKINS
"HOPKINS AV","HOPKINS AV"
"HOPKINS SQ","HOPKINS SQ"
"HOPKINS ST","HOPKINS ST"
HOWE,HOWE
"HOWE ST","HOWE ST"
"I 80 W","I 80 W"
I-580,I-580
I-80,I-80
I-880,I-880
IDAHO,IDAHO
"IDAHO ST","IDAHO ST"
"IN EAST OF COLLEGE AVE","IN EAST OF COLLEGE AVE"
"INDIAN ROCK","INDIAN ROCK"
"INDIAN ROCK AV","INDIAN ROCK AV"
"INDIAN ROCK AVE","INDIAN ROCK AVE"
"INDIAN ROCK PATH","INDIAN ROCK PATH"
"INDIAN ROCK RD","INDIAN ROCK RD"
INTERSTATE,INTERSTATE
"INTERSTATE 580 EASTBOUND","INTERSTATE 580 EASTBOUND"
"INTERSTATE 80 E","INTERSTATE 80 E"
"INTERSTATE 80 EASTBOUND","INTERSTATE 80 EASTBOUND"
"INTERSTATE 80 W","INTERSTATE 80 W"
"INTERSTATE 80 WESTBOUND","INTERSTATE 80 WESTBOUND"
"INTERSTATE 80 WESTBOUND TO ASHBY AVENUE","INTERSTATE 80 WESTBOUND TO ASHBY AVENUE"
"JACKSON ST","JACKSON ST"
"JAYNE ST","JAYNE ST"
JEFFERSON,JEFFERSON
"JEFFERSON AV","JEFFERSON AV"
"JEFFERSON ST","JEFFERSON ST"
"JEO GILMAN ST","JEO GILMAN ST"
"JOHN ST","JOHN ST"
JONES,JONES
"JONES AV","JONES AV"
"JONES ST","JONES ST"
"JOSEPH ST","JOSEPH ST"
JOSEPHINE,JOSEPHINE
"JOSEPHINE ST","JOSEPHINE ST"
"JOSEPINE ST","JOSEPINE ST"
JUANITA,JUANITA
"JUANITA ST","JUANITA ST"
"JUANITA WY","JUANITA WY"
"JULI ST","JULI ST"
JULIA,JULIA
"JULIA CT","JULIA CT"
"JULIA ST","JULIA ST"
KAINS,KAINS
"KAINS AV","KAINS AV"
"KAINS ST","KAINS ST"
"KALA BAGAI","KALA BAGAI"
"KALA BAGAI WY","KALA BAGAI WY"
"KAY AV","KAY AV"
"KAY AVE","KAY AVE"
KEELER,KEELER
"KEELER AV","KEELER AV"
KEITH,KEITH
"KEITH AV","KEITH AV"
KENTUCKY,KENTUCKY
"KENTUCKY AV","KENTUCKY AV"
"KEONCREST DR","KEONCREST DR"
KING,KING
"KING AV","KING AV"
"KING ST","KING ST"
KITTREDGE,KITTREDGE
"KITTREDGE AV","KITTREDGE AV"
"KITTREDGE ST","KITTREDGE ST"
"KITTRIDGE ST","KITTRIDGE ST"
"LA CIENEGA BL","LA CIENEGA BL"
"LA LOMA","LA LOMA"
"LA LOMA AV","LA LOMA AV"
"LA LOMA ST","LA LOMA ST"
"LA LOMA STEPS","LA LOMA STEPS"
"LA VEREDA RD","LA VEREDA RD"
"LAKE ANZA RD","LAKE ANZA RD"
"LALOMA AV","LALOMA AV"
LASSEN,LASSEN
"LASSEN ST","LASSEN ST"
LATHAM,LATHAM
"LATHAM LN","LATHAM LN"
"LAUREL LN","LAUREL LN"
"LAUREL ST","LAUREL ST"
"LE CONTE","LE CONTE"
"LE CONTE AV","LE CONTE AV"
"LE ROY","LE ROY"
"LE ROY AV","LE ROY AV"
"LE ROY ST","LE ROY ST"
LEROY,LEROY
"LEROY AV","LEROY AV"
"LEWISTON AV","LEWISTON AV"
"LIGHT POLE B","LIGHT POLE B"
LINCOLN,LINCOLN
"LINCOLN AV","LINCOLN AV"
"LINCOLN ST","LINCOLN ST"
"LINDEN AV","LINDEN AV"
LORINA,LORINA
"LORINA ST","LORINA ST"
"LOS ANGELES","LOS ANGELES"
"LOS ANGELES AV","LOS ANGELES AV"
"LOS ANGELES ST","LOS ANGELES ST"
"M L K JR WY","M L K JR WY"
"M L KING JR","M L KING JR"
"M L KING JR WAY","M L KING JR WAY"
"M L KING JR WY","M L KING JR WY"
MABEL,MABEL
"MABEL AV","MABEL AV"
"MABEL ST","MABEL ST"
"MABEL STREET","MABEL STREET"
"MADERA ST","MADERA ST"
MAGNOLIA,MAGNOLIA
"MAGNOLIA ST","MAGNOLIA ST"
"MAIN ST","MAIN ST"
MARIN,MARIN
"MARIN AV","MARIN AV"
"MARIN AV N","MARIN AV N"
"MARIN AVE","MARIN AVE"
"MARIN AVENUE","MARIN AVENUE"
"MARIN CIR","MARIN CIR"
"MARIN ST","MARIN ST"
MARINA,MARINA
"MARINA AV","MARINA AV"
"MARINA BL","MARINA BL"
MARIPOSA,MARIPOSA
"MARIPOSA AV","MARIPOSA AV"
"MARTIN CIR","MARTIN CIR"
"MARTIN LUTHER KING","MARTIN LUTHER KING"
"MARTIN LUTHER KING BL","MARTIN LUTHER KING BL"
"MARTIN LUTHER KING DR","MARTIN LUTHER KING DR"
"MARTIN LUTHER KING JR","MARTIN LUTHER KING JR"
"MARTIN LUTHER KING JR BL","MARTIN LUTHER KING JR BL"
"MARTIN LUTHER KING JR WAY","MARTIN LUTHER KING JR WAY"
"MARTIN LUTHER KING JR WY","MARTIN LUTHER KING JR WY"
"MARTIN LUTHER KING JR WY E","MARTIN LUTHER KING JR WY E"
"MARTIN LUTHER KING JR WY S","MARTIN LUTHER KING JR WY S"
"MARTIN LUTHER KING JUNIOR WY","MARTIN LUTHER KING JUNIOR WY"
"MARTIN LUTHER KING WY","MARTIN LUTHER KING WY"
"MARTIN LUTHERR KING JR","MARTIN LUTHERR KING JR"
"MARVIN AV","MARVIN AV"
"MARYLAND AV","MARYLAND AV"
MASONIC,MASONIC
"MASONIC AV","MASONIC AV"
MATHEWS,MATHEWS
"MATHEWS ST","MATHEWS ST"
MATTHEWS,MATTHEWS
"MATTHEWS ST","MATTHEWS ST"
"MAYBECK TWIN DR","MAYBECK TWIN DR"
"MAYBELLE AV","MAYBELLE AV"
"MC KINNEY ST","MC KINNEY ST"
MCGEE,MCGEE
"MCGEE AV","MCGEE AV"
"MCGEE ST","MCGEE ST"
MCKINLEY,MCKINLEY
"MCKINLEY AV","MCKINLEY AV"
"MCKINLEY ST","MCKINLEY ST"
MENDOCINO,MENDOCINO
"MENDOCINO AV","MENDOCINO AV"
"MENLO PL","MENLO PL"
MERCED,MERCED
"MERCED ST","MERCED ST"
MICHIGAN,MICHIGAN
"MICHIGAN AV","MICHIGAN AV"
"MICHIGAN AVENUE","MICHIGAN AVENUE"
"MICHIGAN ST","MICHIGAN ST"
"MILES AV","MILES AV"
MILLER,MILLER
"MILLER AV","MILLER AV"
MILVIA,MILVIA
"MILVIA ST","MILVIA ST"
"MILVIA ST S","MILVIA ST S"
"MK JR WY","MK JR WY"
"MLK JR","MLK JR"
"MLK JR WAY","MLK JR WAY"
"MLK JR WY","MLK JR WY"
"MLK JR WY N","MLK JR WY N"
"MLK ST","MLK ST"
"MLK WAY","MLK WAY"
"MLK WY","MLK WY"
"MLKING JR WY","MLKING JR WY"
MODOC,MODOC
"MODOC AV","MODOC AV"
"MODOC ST","MODOC ST"
MONTEREY,MONTEREY
"MONTEREY AV","MONTEREY AV"
"MONTEREY AVE","MONTEREY AVE"
"MONTEREY ST","MONTEREY ST"
"MONTROSE AV","MONTROSE AV"
"MONTROSE RD","MONTROSE RD"
"MONTROSE ROAD","MONTROSE ROAD"
"MOSSWOOD RD","MOSSWOOD RD"
"MUIR WY","MUIR WY"
MURRAY,MURRAY
"MURRAY COM","MURRAY COM"
"MURRAY ST","MURRAY ST"
"MURRAY STREET","MURRAY STREET"
"MYSTIC ST","MYSTIC ST"
NAPA,NAPA
"NAPA AV","NAPA AV"
"NAPA ST","NAPA ST"
NEILSON,NEILSON
"NEILSON ST","NEILSON ST"
"NEWBERRY ST","NEWBERRY ST"
NEWBURY,NEWBURY
"NEWBURY ST","NEWBURY ST"
"NIELSON AV","NIELSON AV"
"NIELSON ST","NIELSON ST"
NINTH,NINTH
"NINTH ST","NINTH ST"
"NINTH STREET","NINTH STREET"
"NOGALES ST","NOGALES ST"
NORTHAMPTON,NORTHAMPTON
"NORTHAMPTON AV","NORTHAMPTON AV"
"NORTHBRAE TUNNEL","NORTHBRAE TUNNEL"
NORTHGATE,NORTHGATE
"NORTHGATE AV","NORTHGATE AV"
"NORTHGATE ST","NORTHGATE ST"
"NORTHSIDE AV","NORTHSIDE AV"
"OAK KNOLL","OAK KNOLL"
"OAK KNOLL TER","OAK KNOLL TER"
"OAK RIDGE","OAK RIDGE"
"OAK RIDGE RD","OAK RIDGE RD"
"OAK ST","OAK ST"
"OAK STREET PATH ST","OAK STREET PATH ST"
"OAKRIDGE RD","OAKRIDGE RD"
OAKVALE,OAKVALE
"OAKVALE AV","OAKVALE AV"
"OAKVALE ST","OAKVALE ST"
"OF GILMAN STREET","OF GILMAN STREET"
"OF I","OF I"
"OF UNIVERSITY AVENUE","OF UNIVERSITY AVENUE"
"OHLONE GREENWAY","OHLONE GREENWAY"
ORDWAY,ORDWAY
"ORDWAY ST","ORDWAY ST"
OREGON,OREGON
"OREGON ST","OREGON ST"
OREGONST,OREGONST
OTIS,OTIS
"OTIS ST","OTIS ST"
OXFORD,OXFORD
"OXFORD AV","OXFORD AV"
"OXFORD CIR","OXFORD CIR"
"OXFORD LN","OXFORD LN"
"OXFORD SQ","OXFORD SQ"
"OXFORD ST","OXFORD ST"
"OXFORD ST N","OXFORD ST N"
"OXFORD ST S","OXFORD ST S"
"OXFORD WY","OXFORD WY"
PAGE,PAGE
"PAGE AV","PAGE AV"
"PAGE ST","PAGE ST"
PALM,PALM
"PALM CT","PALM CT"
PANORAMIC,PANORAMIC
"PANORAMIC PL","PANORAMIC PL"
"PANORAMIC WAY","PANORAMIC WAY"
"PANORAMIC WY","PANORAMIC WY"
PARDEE,PARDEE
"PARDEE AV","PARDEE AV"
"PARDEE ST","PARDEE ST"
PARK,PARK
"PARK DR","PARK DR"
"PARK DRIVE","PARK DRIVE"
"PARK GATE","PARK GATE"
"PARK GATE RD","PARK GATE RD"
"PARK HILLS","PARK HILLS"
"PARK HILLS RD","PARK HILLS RD"
"PARK RD","PARK RD"
"PARK ST","PARK ST"
PARKER,PARKER
"PARKER AV","PARKER AV"
"PARKER RD","PARKER RD"
"PARKER SQUARE E","PARKER SQUARE E"
"PARKER ST","PARKER ST"
"PARKSIDE DR","PARKSIDE DR"
PERALTA,PERALTA
"PERALTA AV","PERALTA AV"
"PERALTA ST","PERALTA ST"
PERLTA,PERLTA
PIEDMONT,PIEDMONT
"PIEDMONT AV","PIEDMONT AV"
"PIEDMONT CRES","PIEDMONT CRES"
"PIEDMONT ST","PIEDMONT ST"
PIEMONT,PIEMONT
"PIEMONT AV","PIEMONT AV"
PINE,PINE
"PINE AV","PINE AV"
POLE,POLE
POPLAR,POPLAR
"POPLAR AV","POPLAR AV"
"POPLAR ST","POPLAR ST"
"PORTLAND AV","PORTLAND AV"
POSEN,POSEN
"POSEN AV","POSEN AV"
"POSEN AVE","POSEN AVE"
"POSEN ST","POSEN ST"
POTTER,POTTER
"POTTER ST","POTTER ST"
"POTTER ST W","POTTER ST W"
"POWELL ST","POWELL ST"
"POWELL STREET","POWELL STREET"
"POWER POLE","POWER POLE"
"PRESLEY WAY","PRESLEY WAY"
PRINCE,PRINCE
"PRINCE DR","PRINCE DR"
"PRINCE ST","PRINCE ST"
"PRIVATE PROPERTY","PRIVATE PROPERTY"
PROSPECT,PROSPECT
"PROSPECT AV","PROSPECT AV"
"PROSPECT CT","PROSPECT CT"
"PROSPECT ST","PROSPECT ST"
"PROSPECT TER","PROSPECT TER"
"QUAIL AV","QUAIL AV"
"QUARRY RD","QUARRY RD"
"QUARRY ST","QUARRY ST"
"QUEENS RD","QUEENS RD"
REGAL,REGAL
"REGAL RD","REGAL RD"
REGENT,REGENT
"REGENT AV","REGENT AV"
"REGENT ST","REGENT ST"
RIDGE,RIDGE
"RIDGE CREST CT","RIDGE CREST CT"
"RIDGE RD","RIDGE RD"
"ROANOKE RD","ROANOKE RD"
"ROANOKE ST","ROANOKE ST"
"ROBLE CT","ROBLE CT"
"ROBLE RD","ROBLE RD"
"ROCK LN","ROCK LN"
"RODEMONT AV","RODEMONT AV"
ROOSEVELT,ROOSEVELT
"ROOSEVELT AV","ROOSEVELT AV"
"ROOSEVELT ST","ROOSEVELT ST"
ROSE,ROSE
"ROSE AV","ROSE AV"
"ROSE CT","ROSE CT"
"ROSE ST","ROSE ST"
"ROSE STREET","ROSE STREET"
"ROSE STREET E","ROSE STREET E"
"ROSEMONT AV","ROSEMONT AV"
"RT 101","RT 101"
"RT 123","RT 123"
"RT 13","RT 13"
"RT 185","RT 185"
"RT 24","RT 24"
"RT 580","RT 580"
"RT 80","RT 80"
"RT 880","RT 880"
RT1805,RT1805
RUSSEL,RUSSEL
"RUSSEL ST","RUSSEL ST"
RUSSELL,RUSSELL
"RUSSELL AV","RUSSELL AV"
"RUSSELL SQUARE","RUSSELL SQUARE"
"RUSSELL ST","RUSSELL ST"
"RUSSET ST","RUSSET ST"
SACRAMENTO,SACRAMENTO
"SACRAMENTO AV","SACRAMENTO AV"
"SACRAMENTO SQ","SACRAMENTO SQ"
"SACRAMENTO ST","SACRAMENTO ST"
"SACRAMENTO STREET","SACRAMENTO STREET"
"SAN ANTONIO AV","SAN ANTONIO AV"
"SAN BENITO RD","SAN BENITO RD"
"SAN DIEGO RD","SAN DIEGO RD"
"SAN FERNANDO","SAN FERNANDO"
"SAN FERNANDO AV","SAN FERNANDO AV"
"SAN FRANCISCO BAY TRL","SAN FRANCISCO BAY TRL"
"SAN JUAN AV","SAN JUAN AV"
"SAN LEANDRO AV","SAN LEANDRO AV"
"SAN LORENZO","SAN LORENZO"
"SAN LORENZO AV","SAN LORENZO AV"
"SAN LORENZO ST","SAN LORENZO ST"
"SAN LUIS","SAN LUIS"
"SAN LUIS RD","SAN LUIS RD"
"SAN MATEO","SAN MATEO"
"SAN MATEO RD","SAN MATEO RD"
"SAN MIGUEL","SAN MIGUEL"
"SAN PABLO","SAN PABLO"
"SAN PABLO AV","SAN PABLO AV"
"SAN PABLO AV N","SAN PABLO AV N"
"SAN PABLO AVE","SAN PABLO AVE"
"SAN PABLO AVENUE","SAN PABLO AVENUE"
"SAN PABLO BL","SAN PABLO BL"
"SAN PABLO CHEVRON GAS","SAN PABLO CHEVRON GAS"
"SAN PABLO W","SAN PABLO W"
"SAN PEDRO AV","SAN PEDRO AV"
"SAN RAMON","SAN RAMON"
"SAN RAMON AV","SAN RAMON AV"
"SANTA BARBARA","SANTA BARBARA"
"SANTA BARBARA CT","SANTA BARBARA CT"
"SANTA BARBARA RD","SANTA BARBARA RD"
"SANTA BARBERA","SANTA BARBERA"
"SANTA CLARA AV","SANTA CLARA AV"
"SANTA FE","SANTA FE"
"SANTA FE AV","SANTA FE AV"
"SANTA FE ST","SANTA FE ST"
"SANTA ROSA AV","SANTA ROSA AV"
SCENIC,SCENIC
"SCENIC AV","SCENIC AV"
"SCENIC ST","SCENIC ST"
SCHLESSINGER,SCHLESSINGER
SEAWALL,SEAWALL
"SEAWALL DR","SEAWALL DR"
"SECOND ST","SECOND ST"
SENIOR,SENIOR
"SENIOR AV","SENIOR AV"
SHASTA,SHASTA
"SHASTA AV","SHASTA AV"
"SHASTA RD","SHASTA RD"
"SHATTLUCK AV","SHATTLUCK AV"
SHATTUCK,SHATTUCK
"SHATTUCK AV","SHATTUCK AV"
"SHATTUCK AVE","SHATTUCK AVE"
"SHATTUCK PL","SHATTUCK PL"
"SHATTUCK SQ","SHATTUCK SQ"
"SHATTUCK STEPS","SHATTUCK STEPS"
"SHELLMOUND ST","SHELLMOUND ST"
"SHELLMOUND STREET","SHELLMOUND STREET"
"SHORE HWY","SHORE HWY"
"SHORE WY","SHORE WY"
"SHORT ST","SHORT ST"
SHUTTUCK,SHUTTUCK
"SHUTTUCK AV","SHUTTUCK AV"
"SIERRA ST","SIERRA ST"
"SIXTH ST","SIXTH ST"
SOLANO,SOLANO
"SOLANO AV","SOLANO AV"
"SOLANO ST","SOLANO ST"
"SOLANO WY","SOLANO WY"
"SOMERSET PL","SOMERSET PL"
"SONOMA AV","SONOMA AV"
"SONOMA ST","SONOMA ST"
SOUTHAMPTON,SOUTHAMPTON
"SOUTHAMPTON AV","SOUTHAMPTON AV"
"SOUTHAMPTON RD","SOUTHAMPTON RD"
"SOUTHERN PACIFIC RR TRACKS","SOUTHERN PACIFIC RR TRACKS"
SOUTHHAMPTON,SOUTHHAMPTON
"SOUTHHAMPTON AV","SOUTHHAMPTON AV"
"SPALDING ST","SPALDING ST"
SPAULDING,SPAULDING
"SPAULDING AV","SPAULDING AV"
"SPAULDING ST","SPAULDING ST"
SPINNAKER,SPINNAKER
"SPINNAKER WY","SPINNAKER WY"
"SPINNAKER WY N","SPINNAKER WY N"
"SPORTS LN","SPORTS LN"
"SPRING ST","SPRING ST"
SPRUCE,SPRUCE
"SPRUCE AV","SPRUCE AV"
"SPRUCE CT","SPRUCE CT"
"SPRUCE SQ","SPRUCE SQ"
"SPRUCE ST","SPRUCE ST"
"SPRUCE STREET","SPRUCE STREET"
SR-13,SR-13
"STADIUM RIM","STADIUM RIM"
"STADIUM RIM WY","STADIUM RIM WY"
STANFORD,STANFORD
"STANFORD AV","STANFORD AV"
"STANFORD ST","STANFORD ST"
STANNAGE,STANNAGE
"STANNAGE AV","STANNAGE AV"
"STANNAGE ST","STANNAGE ST"
STANTON,STANTON
"STANTON RD","STANTON RD"
"STANTON ST","STANTON ST"
STATION,STATION
"STATION PL","STATION PL"
"STATTUCK AV","STATTUCK AV"
"STERLING AV","STERLING AV"
"STEVENSON AV","STEVENSON AV"
"STEVENSON PATH","STEVENSON PATH"
"STODDARD AV","STODDARD AV"
"STODDARD WY","STODDARD WY"
"STONEWALL RD","STONEWALL RD"
"STREET PATH","STREET PATH"
STUART,STUART
"STUART ST","STUART ST"
SUMMER,SUMMER
"SUMMER ST","SUMMER ST"
"SUMMIT DR","SUMMIT DR"
"SUMMIT RD","SUMMIT RD"
SUNSET,SUNSET
"SUNSET AV","SUNSET AV"
"SUNSET LN","SUNSET LN"
"SUNSET TER","SUNSET TER"
SUTTER,SUTTER
"SUTTER ST","SUTTER ST"
TACOMA,TACOMA
"TACOMA AV","TACOMA AV"
"TACOMA ST","TACOMA ST"
TALBOT,TALBOT
"TALBOT AV","TALBOT AV"
"TALBOT AVENUE","TALBOT AVENUE"
TAMALPAIS,TAMALPAIS
"TAMALPAIS AV","TAMALPAIS AV"
"TAMALPAIS RD","TAMALPAIS RD"
"TAMALPALIS RD","TAMALPALIS RD"
"TANGLEWOOD RD","TANGLEWOOD RD"
TELEGRAPH,TELEGRAPH
"TELEGRAPH AV","TELEGRAPH AV"
"TELEGRAPH AVENUE N","TELEGRAPH AVENUE N"
"TENAYA ST","TENAYA ST"
"TERRACE WALK","TERRACE WALK"
TEVLIN,TEVLIN
"TEVLIN ST","TEVLIN ST"
"THE ALAMEDA","THE ALAMEDA"
"THE ALAMEDA AV","THE ALAMEDA AV"
"THE ALAMEDA ST","THE ALAMEDA ST"
"THE ARLINGTON","THE ARLINGTON"
"THE BERKELEY I","THE BERKELEY I"
"THE BUCHANAN ST","THE BUCHANAN ST"
"THE CIRCLE","THE CIRCLE"
"THE CIRCLE CIR","THE CIRCLE CIR"
"THE CRESCENT","THE CRESCENT"
"THE CROSSWAYS","THE CROSSWAYS"
"THE EAST ASHBY AVENUE O","THE EAST ASHBY AVENUE O"
"THE EAST ASHBY AVENUE OVERCROSSING","THE EAST ASHBY AVENUE OVERCROSSING"
"THE FOOTWAY","THE FOOTWAY"
"THE GILMAN ST","THE GILMAN ST"
"THE PLAZA","THE PLAZA"
"THE SHORT CUT","THE SHORT CUT"
"THE SPIRAL","THE SPIRAL"
"THE UNIVERSITY AV","THE UNIVERSITY AV"
"THE UPLAND","THE UPLAND"
"THE UPLANDS","THE UPLANDS"
"THE UPLANDS RD","THE UPLANDS RD"
"THOUSAND OAKS","THOUSAND OAKS"
"THOUSAND OAKS AV","THOUSAND OAKS AV"
"THOUSAND OAKS BL","THOUSAND OAKS BL"
TILDEN,TILDEN
"TOLL PLAZA","TOLL PLAZA"
TREMONT,TREMONT
"TREMONT ST","TREMONT ST"
"TULANE AV","TULANE AV"
TULARE,TULARE
"TULARE AV","TULARE AV"
"TULARE ST","TULARE ST"
TUNNEL,TUNNEL
"TUNNEL AV","TUNNEL AV"
"TUNNEL BORE","TUNNEL BORE"
"TUNNEL RD","TUNNEL RD"
"TUNNEL RD E","TUNNEL RD E"
TUNNELL,TUNNELL
TWAIN,TWAIN
"TWAIN AV","TWAIN AV"
TYLER,TYLER
"TYLER ST","TYLER ST"
UNINVERSITY,UNINVERSITY
"UNION AV","UNION AV"
"UNIVERISITY AV","UNIVERISITY AV"
UNIVERISTY,UNIVERISTY
"UNIVERISTY AVE","UNIVERISTY AVE"
"UNIVERISTY AVENUE","UNIVERISTY AVENUE"
"UNIVERISTY AVENUE OVER","UNIVERISTY AVENUE OVER"
UNIVERITY,UNIVERITY
UNIVERSITY,UNIVERSITY
"UNIVERSITY AV","UNIVERSITY AV"
"UNIVERSITY AVE","UNIVERSITY AVE"
"UNIVERSITY AVE O","UNIVERSITY AVE O"
"UNIVERSITY AVE OVER","UNIVERSITY AVE OVER"
"UNIVERSITY AVE OVER CROSSING","UNIVERSITY AVE OVER CROSSING"
"UNIVERSITY AVE OVERCROSSING","UNIVERSITY AVE OVERCROSSING"
"UNIVERSITY AVE PED O","UNIVERSITY AVE PED O"
"UNIVERSITY AVE PEDESTRIAN O","UNIVERSITY AVE PEDESTRIAN O"
"UNIVERSITY AVE PEDESTRIAN OVER CROSSING","UNIVERSITY AVE PEDESTRIAN OVER CROSSING"
"UNIVERSITY AVE PEDESTRIAN OVERCROSSING","UNIVERSITY AVE PEDESTRIAN OVERCROSSING"
"UNIVERSITY AVENUE","UNIVERSITY AVENUE"
"UNIVERSITY AVENUE O","UNIVERSITY AVENUE O"
"UNIVERSITY AVENUE OVER","UNIVERSITY AVENUE OVER"
"UNIVERSITY AVENUE OVERCROSSING","UNIVERSITY AVENUE OVERCROSSING"
"UNIVERSITY AVENUE PED O","UNIVERSITY AVENUE PED O"
"UNIVERSITY AVENUE PED OVERCROSSING","UNIVERSITY AVENUE PED OVERCROSSING"
"UNIVERSITY AVENUE PEDESTRIAN O","UNIVERSITY AVENUE PEDESTRIAN O"
"UNIVERSITY AVENUE PEDESTRIAN OVER","UNIVERSITY AVENUE PEDESTRIAN OVER"
"UNIVERSITY AVENUE PEDESTRIAN OVERCROSS","UNIVERSITY AVENUE PEDESTRIAN OVERCROSS"
"UNIVERSITY AVENUE PEDESTRIAN OVERCROSSIN","UNIVERSITY AVENUE PEDESTRIAN OVERCROSSIN"
"UNIVERSITY AVENUE PEDESTRIAN OVERCROSSING","UNIVERSITY AVENUE PEDESTRIAN OVERCROSSING"
"UNIVERSITY AVENUNE","UNIVERSITY AVENUNE"
"UNIVERSITY O","UNIVERSITY O"
"UNIVERSITY OVERPASS","UNIVERSITY OVERPASS"
"UNIVERSITY PED O","UNIVERSITY PED O"
"UNIVERSITY PEDESTRIAN O","UNIVERSITY PEDESTRIAN O"
"UNIVERSITY PEDESTRIAN OVERCROSSING","UNIVERSITY PEDESTRIAN OVERCROSSING"
"UNIVERSITY ST","UNIVERSITY ST"
UNIVERSIY,UNIVERSIY
"UNIVRESITY AVENUE OVER","UNIVRESITY AVENUE OVER"
"UNIVSERITY AVENUE","UNIVSERITY AVENUE"
UNKNOWN,UNKNOWN
"UNVERSITY AVE","UNVERSITY AVE"
"UNVERSITY AVENUE","UNVERSITY AVENUE"
"UPLAND AV","UPLAND AV"
"UTILITY POLE","UTILITY POLE"
"VALLEE TER","VALLEE TER"
VALLEJO,VALLEJO
"VALLEJO ST","VALLEJO ST"
VALLEY,VALLEY
"VALLEY AV","VALLEY AV"
"VALLEY ST","VALLEY ST"
"VASSAR AV","VASSAR AV"
"VENTURA AV","VENTURA AV"
"VERMONT AV","VERMONT AV"
"VERMONT ST","VERMONT ST"
"VICENTE AV","VICENTE AV"
"VICENTE RD","VICENTE RD"
VINCENTE,VINCENTE
"VINCENTE AV","VINCENTE AV"
"VINCENTE RD","VINCENTE RD"
VINE,VINE
"VINE CT","VINE CT"
"VINE ST","VINE ST"
"VINTAGE CT","VINTAGE CT"
VIRGINIA,VIRGINIA
"VIRGINIA AV","VIRGINIA AV"
"VIRGINIA ST","VIRGINIA ST"
VISALIA,VISALIA
"VISALIA AV","VISALIA AV"
"VISTAMONT AV","VISTAMONT AV"
"WALLACE ST","WALLACE ST"
WALNUT,WALNUT
"WALNUT AV","WALNUT AV"
"WALNUT AVE","WALNUT AVE"
"WALNUT ST","WALNUT ST"
"WALNUT STREET","WALNUT STREET"
WARD,WARD
"WARD LN","WARD LN"
"WARD ST","WARD ST"
WARRING,WARRING
"WARRING ST","WARRING ST"
WASHINGTON,WASHINGTON
WATKINS,WATKINS
"WATKINS ST","WATKINS ST"
WEBSTER,WEBSTER
"WEBSTER ST","WEBSTER ST"
"WEBSTER ST S","WEBSTER ST S"
"WEIGHT SCALES","WEIGHT SCALES"
WEST,WEST
"WEST ST","WEST ST"
"WESTERN ASHBY AVE","WESTERN ASHBY AVE"
WHEELER,WHEELER
"WHEELER ST","WHEELER ST"
WHITAKER,WHITAKER
"WHITAKER AV","WHITAKER AV"
"WHITNEY ST","WHITNEY ST"
"WILDCAT CANYON","WILDCAT CANYON"
"WILDCAT CANYON RD","WILDCAT CANYON RD"
"WILSHIRE BL","WILSHIRE BL"
WOODHAVEN,WOODHAVEN
"WOODHAVEN RD","WOODHAVEN RD"
WOODMONT,WOODMONT
"WOODMONT AV","WOODMONT AV"
WOOLSEY,WOOLSEY
"WOOLSEY ST","WOOLSEY ST"
"WOOSLEY ST","WOOSLEY ST"
"WOOSTER ST","WOOSTER ST"
"YOLO AV","YOLO AV"
"YOSEMITE RD","YOSEMITE RD"
